{
  "method": "Park",
  "R_cam2gripper": [
    [
      -0.680367,
      -0.732452,
      0.024793
    ],
    [
      0.732359,
      -0.680767,
      -0.014359
    ],
    [
      0.027396,
      0.008388,
      0.999589
    ]
  ],
  "t_cam2gripper_m": [
    0.058541,
    0.071351,
    0.117351
  ],
  "euler_deg": {
    "rx": 0.48,
    "ry": -1.57,
    "rz": 132.89
  },
  "translation_mm": [
    58.54,
    71.35,
    117.35
  ],
  "matrix_4x4": [
    [
      -0.680367,
      -0.732452,
      0.024793,
      0.058541
    ],
    [
      0.732359,
      -0.680767,
      -0.014359,
      0.071351
    ],
    [
      0.027396,
      0.008388,
      0.999589,
      0.117351
    ],
    [
      0.0,
      0.0,
      0.0,
      1.0
    ]
  ],
  "verification_errors": [
    0.0,
    0.0112,
    0.0048,
    0.0125,
    0.0153,
    0.0189,
    0.0131,
    0.0196,
    0.0156,
    0.014,
    0.0143,
    0.0131,
    0.0138,
    0.0194
  ],
  "translation_std_mm": [
    0.83,
    0.57,
    0.87
  ]
}